Movie,Release,Rating
Green Book,2018,8.3
Bohemian Rhapsody,2018,8.1
A Star Is Born,2018,7.8
The Favourite,2018,7.7
Roma,2018,7.9
Spider-Man: Into the Spider-Verse,2018,8.6
Avengers: Infinity War,2018,8.5
Deadpool 2,2018,7.8
A Quiet Place,2018,7.6
Incredibles 2,2018,7.8
The Hangover,2009,7.7
Cold War,2018,7.7
Get Out,2017,7.7
La La Land,2016,8
Do the Right Thing,1989,7.9
The Godfather,1972,9.2
Harry Potter and the Sorcerer's Stone,2001,7.6
How to Train Your Dragon,2010,8.1
How to Train Your Dragon 2,2014,7.8
The Shawshank Redemption,1994,9.3
Pulp Fiction,1994,8.9
The Dark Knight,2008,9
Guardians of the Galaxy,2014,8.1
"Three Billboards Outside Ebbing, Missouri",2017,8.2
Interstellar,2014,8.6
Thor: Ragnarok,2017,7.9
The Revenant,2015,8
The Lion King,1994,8.5
Inception,2010,8.8
Mission: Impossible - Fallout,2018,7.8
The Lord of the Rings: The Fellowship of the Ring,2001,8.8
Room,2015,8.2
Forrest Gump,1994,8.8
Titanic,1997,7.8
The Departed,2006,8.5
Isle of Dogs,2018,7.9
Blade Runner 2049,2017,8
Call Me by Your Name,2017,7.9
Schindler's List,1993,8.9
The Silence of the Lambs,1991,8.6
Django Unchained,2012,8.4
Watchmen,2009,7.6
No Country for Old Men,2007,8.1
Apocalypse Now,1979,8.5
The Lord of the Rings: The Return of the King,2003,8.9
The Wolf of Wall Street,2013,8.2
The Matrix,1999,8.7
Inglourious Basterds,2009,8.3
The Breakfast Club,1985,7.9
Jurassic Park,1993,8.1
Birdman or (The Unexpected Virtue of Ignorance),2014,7.7
Gone Girl,2014,8.1
The Avengers,2012,8.1
Harry Potter and the Deathly Hallows: Part 2,2011,8.1
Lion,2016,8.1
Mad Max: Fury Road,2015,8.1
Logan,2017,8.1
Goodfellas,1990,8.7
Gravity,2013,7.7
Crash,2004,7.8
Guardians of the Galaxy Vol. 2,2017,7.7
Saving Private Ryan,1998,8.6
Avatar,2009,7.8
The Dark Knight Rises,2012,8.4
Silver Linings Playbook,2012,7.7
Y Tu Mamá También,2001,7.7
Searching,2018,7.7
Deadpool,2016,8
Captain Fantastic,2016,7.9
Harry Potter and the Prisoner of Azkaban,2004,7.9
The Help,2011,8.1
Wonder,2017,8
Zodiac,2007,7.7
Dunkirk,2017,7.9
Se7en,1995,8.6
Casino Royale,2006,8
The Fifth Element,1997,7.7
Children of Men,2006,7.9
The Goonies,1985,7.8
Baby Driver,2017,7.6
Gladiator,2000,8.5
Creed,2015,7.6
The Hateful Eight,2015,7.8
Pan's Labyrinth,2006,8.2
Whiplash,2014,8.5
Léon: The Professional,1994,8.6
The Martian,2015,8
X-Men: Days of Future Past,2014,8
The Big Short,2015,7.8
Wreck-It Ralph,2012,7.7
Hot Fuzz,2007,7.9
Fight Club,1999,8.8
Alien,1979,8.5
Scarface,1983,8.3
The Notebook,2004,7.9
Coco,2017,8.4
A Clockwork Orange,1971,8.3
12 Years a Slave,2013,8.1
The Incredibles,2004,8
Back to the Future,1985,8.5
Spotlight,2015,8.1
American Beauty,1999,8.4
The Big Lebowski,1998,8.1
Harry Potter and the Goblet of Fire,2005,7.7
Kingsman: The Secret Service,2014,7.7
The Shining,1980,8.4
The Prestige,2006,8.5
Requiem for a Dream,2000,8.3
The Godfather: Part II,1974,9
Captain America: Civil War,2016,7.8
Gone with the Wind,1939,8.2
Good Will Hunting,1997,8.3
Terminator 2: Judgment Day,1991,8.5
Arrival,2016,7.9
Hacksaw Ridge,2016,8.1
The Green Mile,1999,8.5
Tombstone,1993,7.8
Rogue One: A Star Wars Story,2016,7.8
Hidden Figures,2016,7.8
Rocky,1976,8.1
Ghostbusters,1984,7.8
Moana,2016,7.6
Star Wars: Episode VII - The Force Awakens,2015,8
The Grand Budapest Hotel,2014,8.1
The Lego Movie,2014,7.8
Star Wars: Episode IV - A New Hope,1977,8.6
Jaws,1975,8
Sicario,2015,7.6
The Deer Hunter,1978,8.1
Blade Runner,1982,8.2
Edge of Tomorrow,2014,7.9
The Princess Bride,1987,8.1
Iron Man,2008,7.9
One Flew Over the Cuckoo's Nest,1975,8.7
The Usual Suspects,1995,8.6
The Hobbit: An Unexpected Journey,2012,7.9
Captain America: The Winter Soldier,2014,7.8
Ex Machina,2014,7.7
"Love, Simon",2018,7.7
Taxi Driver,1976,8.3
Wind River,2017,7.7
Pride & Prejudice,2005,7.8
Prisoners,2013,8.1
Raiders of the Lost Ark,1981,8.5
The Terminator,1984,8
About Time,2013,7.8
Her,2013,8
Love Actually,2003,7.6
Heat,1995,8.2
Fargo,1996,8.1
Shutter Island,2010,8.1
Black Hawk Down,2001,7.7
Blow,2001,7.6
American Psycho,2000,7.6
The Girl with the Dragon Tattoo,2011,7.8
Platoon,1986,8.1
The Sandlot,1993,7.8
Batman Begins,2005,8.2
300,2006,7.7
Mary Poppins,1964,7.8
Eternal Sunshine of the Spotless Mind,2004,8.3
West Side Story,1961,7.6
The Social Network,2010,7.7
Psycho,1960,8.5
Star Trek,2009,8
Malcolm X,1992,7.7
12 Angry Men,1957,8.9
Manchester by the Sea,2016,7.8
X-Men: First Class,2011,7.7
The Pianist,2002,8.5
Black Swan,2010,8
Brokeback Mountain,2005,7.7
Donnie Darko,2001,8.1
Braveheart,1995,8.4
What We Do in the Shadows,2014,7.7
The Fighter,2010,7.8
Harry Potter and the Deathly Hallows: Part 1,2010,7.7
"The Good, the Bad and the Ugly",1966,8.9
The Intouchables,2011,8.5
Spirited Away,2001,8.6
Fury,2014,7.6
Cast Away,2000,7.8
The Curious Case of Benjamin Button,2008,7.8
Dazed and Confused,1993,7.7
American History X,1998,8.5
The Machinist,2004,7.7
Minority Report,2002,7.7
Atonement,2007,7.8
Skyfall,2012,7.8
Eastern Promises,2007,7.7
Kill Bill: Vol. 1,2003,8.1
Drive,2011,7.8
Pirates of the Caribbean: The Curse of the Black Pearl,2003,8
Life Is Beautiful,1997,8.6
The Lord of the Rings: The Two Towers,2002,8.7
Harry Potter and the Half-Blood Prince,2009,7.6
Gran Torino,2008,8.1
Office Space,1999,7.8
Hell or High Water,2016,7.6
Toy Story,1995,8.3
American Gangster,2007,7.8
Superbad,2007,7.6
Sin City,2005,8
Once Upon a Time in America,1984,8.4
True Grit,2010,7.6
Serenity,2005,7.9
Andhadhun,2018,8.6
E.T. the Extra-Terrestrial,1982,7.9
Downfall,2004,8.2
A Beautiful Mind,2001,8.2
Apocalypto,2006,7.8
Dances with Wolves,1990,8
Full Metal Jacket,1987,8.3
The Hurt Locker,2008,7.6
Singin' in the Rain,1952,8.3
Dallas Buyers Club,2013,8
Blue Is the Warmest Color,2013,7.8
2001: A Space Odyssey,1968,8.3
The Sound of Music,1965,8
Catch Me If You Can,2002,8.1
There Will Be Blood,2007,8.2
Kick-Ass,2010,7.6
V for Vendetta,2005,8.2
Stand by Me,1986,8.1
The Wizard of Oz,1939,8
Reservoir Dogs,1992,8.3
Memento,2000,8.5
The Butterfly Effect,2004,7.7
Willy Wonka & the Chocolate Factory,1971,7.8
The Dirty Dozen,1967,7.8
Once Upon a Time in the West,1968,8.5
The Imitation Game,2014,8
Unforgiven,1992,8.2
Shaun of the Dead,2004,7.9
Snatch,2000,8.3
Aladdin,1992,8
Aliens,1986,8.4
Indiana Jones and the Last Crusade,1989,8.2
Your Name.,2016,8.4
The Little Mermaid,1989,7.6
City of God,2002,8.6
The Blind Side,2009,7.7
Oldboy,2003,8.4
A Bronx Tale,1993,7.8
Ocean's Eleven,2001,7.8
Ferris Bueller's Day Off,1986,7.8
Die Hard,1988,8.2
Predator,1987,7.8
Cool Hand Luke,1967,8.1
The Truman Show,1998,8.1
Sing Street,2016,8
Zootopia,2016,8
Contratiempo,2016,8.1
Inside Out,2015,8.2
L.A. Confidential,1997,8.3
The Boy in the Striped Pajamas,2008,7.8
Tangled,2010,7.8
Nightcrawler,2014,7.9
Slumdog Millionaire,2008,8
Apollo 13,1995,7.6
Argo,2012,7.7
The Theory of Everything,2014,7.7
Batman,1989,7.5
Trainspotting,1996,8.2
The Sixth Sense,1999,8.1
Remember the Titans,2000,7.8
True Romance,1993,7.9
Amadeus,1984,8.3
Only the Brave,2017,7.7
Papillon,1973,8
The Untouchables,1987,7.9
The Perks of Being a Wallflower,2012,8
The Exorcist,1973,8
The Godfather: Part III,1990,7.6
Almost Famous,2000,7.9
Stardust,2007,7.7
Casablanca,1942,8.5
Billy Elliot,2000,7.7
Zombieland,2009,7.6
The Graduate,1967,8
Mulan,1998,7.6
Into the Wild,2007,8.1
The Florida Project,2017,7.6
Monty Python and the Holy Grail,1975,8.3
The Lives of Others,2006,8.4
Lost in Translation,2003,7.8
Big Fish,2003,8
Little Miss Sunshine,2006,7.8
Big Hero 6,2014,7.8
Boogie Nights,1997,7.9
First Blood,1982,7.7
The Reader,2008,7.6
Mulholland Drive,2001,8
Inside Man,2006,7.6
The Blues Brothers,1980,7.9
Up,2009,8.3
Citizen Kane,1941,8.3
Gifted,2017,7.6
The Impossible,2012,7.6
Million Dollar Baby,2004,8.1
The Town,2010,7.6
The Handmaiden,2016,8.1
Warrior,2011,8.2
Toy Story 3,2010,8.3
As Good as It Gets,1997,7.7
Training Day,2001,7.7
Butch Cassidy and the Sundance Kid,1969,8.1
Breakfast at Tiffany's,1961,7.7
WALL·E,2008,8.4
Traffic,2000,7.6
Taken,2008,7.8
RoboCop,1987,7.6
Star Wars: Episode VI - Return of the Jedi,1983,8.3
The Fault in Our Stars,2014,7.7
Gone Baby Gone,2007,7.7
Shrek,2001,7.9
The Thing,1982,8.1
Indiana Jones and the Temple of Doom,1984,7.6
Mystic River,2003,8
District 9,2009,7.9
Boyhood,2014,7.9
Ratatouille,2007,8
"Lock, Stock and Two Smoking Barrels",1998,8.2
Star Wars: Episode V - The Empire Strikes Back,1980,8.8
The Hunt,2012,8.3
The King's Speech,2010,8
Gangs of New York,2002,7.5
Casino,1995,8.2
The Hobbit: The Desolation of Smaug,2013,7.8
The Fugitive,1993,7.8
Some Like It Hot,1959,8.2
A Little Princess,1995,7.7
Dangerous Liaisons,1988,7.6
Sherlock Holmes,2009,7.6
"O Brother, Where Art Thou?",2000,7.8
Rebel Without a Cause,1955,7.8
Dead Poets Society,1989,8.1
Star Trek Into Darkness,2013,7.7
"Monsters, Inc.",2001,8.1
Finding Nemo,2003,8.1
What's Eating Gilbert Grape,1993,7.8
The Bourne Identity,2002,7.9
Halloween,1978,7.8
The Last of the Mohicans,1992,7.8
Collateral,2004,7.5
Brazil,1985,8
Scent of a Woman,1992,8
The Warriors,1979,7.7
Short Term 12,2013,8
Stalker,1979,8.1
Dangal,2016,8.5
Moonrise Kingdom,2012,7.8
Kill Bill: Vol. 2,2004,8
Toy Story 2,1999,7.9
Airplane!,1980,7.8
Star Wars: Episode III - Revenge of the Sith,2005,7.6
Rear Window,1954,8.5
The Big Sick,2017,7.6
The Boondock Saints,1999,7.8
The Color Purple,1985,7.8
The Piano,1993,7.6
28 Days Later...,2002,7.6
Amélie,2001,8.3
Rain Man,1988,8
Enemy at the Gates,2001,7.6
The Girl with the Dragon Tattoo,2009,7.8
Moulin Rouge!,2001,7.6
In Bruges,2008,7.9
The Magnificent Seven,1960,7.8
Sling Blade,1996,8
Midnight in Paris,2011,7.7
Fantastic Mr. Fox,2009,7.9
Walk the Line,2005,7.9
Saw,2004,7.6
The Pursuit of Happyness,2006,8
Rush,2013,8.1
Beauty and the Beast,1991,8
To Kill a Mockingbird,1962,8.3
Goldfinger,1964,7.7
The Count of Monte Cristo,2002,7.8
Blue Velvet,1986,7.8
Dark City,1998,7.7
Lawrence of Arabia,1962,8.3
Twelve Monkeys,1995,8
The Artist,2011,7.9
Straight Outta Compton,2015,7.9
Paddington 2,2017,7.9
Bridge of Spies,2015,7.6
Incendies,2010,8.3
Interview with the Vampire: The Vampire Chronicles,1994,7.6
Empire of the Sun,1987,7.8
Life of Pi,2012,7.9
Boyz n the Hood,1991,7.8
The Crow,1994,7.6
Raging Bull,1980,8.2
Midnight Cowboy,1969,7.9
Blood Diamond,2006,8
Groundhog Day,1993,8
Fear and Loathing in Las Vegas,1998,7.7
500 Days of Summer,2009,7.7
Moon,2009,7.9
Dr. Strangelove or: How I Learned to Stop Worrying and Love the Bomb,1964,8.4
A Hard Day's Night,1964,7.7
"Crouching Tiger, Hidden Dragon",2000,7.9
Man on Fire,2004,7.7
Edward Scissorhands,1990,7.9
The Bourne Supremacy,2004,7.8
Back to the Future Part II,1989,7.8
Sense and Sensibility,1995,7.7
The Last Samurai,2003,7.7
Cat on a Hot Tin Roof,1958,8.1
3 Idiots,2009,8.4
Misery,1990,7.8
Gattaca,1997,7.8
Primal Fear,1996,7.7
Ray,2004,7.7
Vertigo,1958,8.3
The Sting,1973,8.3
Seven Samurai,1954,8.7
Rosemary's Baby,1968,8
Mr. Nobody,2009,7.8
MASH,1970,7.6
In the Name of the Father,1993,8.1
Moneyball,2011,7.6
The Game,1997,7.8
Philadelphia,1993,7.7
Lolita,1962,7.6
A Few Good Men,1992,7.7
Chinatown,1974,8.2
Das Boot,1981,8.4
Being John Malkovich,1999,7.8
Stalag 17,1953,8
Akira,1988,8.1
Ben-Hur,1959,8.1
Despicable Me,2010,7.7
The Hunt for Red October,1990,7.6
Munich,2005,7.6
All the President's Men,1976,8
Howl's Moving Castle,2004,8.2
Life of Brian,1979,8.1
Coraline,2009,7.7
Annie Hall,1977,8
The Secret in Their Eyes,2009,8.2
Dogville,2003,8
Hunt for the Wilderpeople,2016,7.9
Midnight Express,1978,7.6
Captain Phillips,2013,7.8
Sleepers,1996,7.6
Kung Fu Panda,2008,7.6
It's a Wonderful Life,1946,8.6
Magnolia,1999,8
Wild Tales,2014,8.1
My Fair Lady,1964,7.9
The Fly,1986,7.5
Doctor Zhivago,1965,8
Before Sunrise,1995,8.1
The Thin Red Line,1998,7.6
Kiss Kiss Bang Bang,2005,7.6
Princess Mononoke,1997,8.4
Dawn of the Planet of the Apes,2014,7.6
Blazing Saddles,1974,7.8
127 Hours,2010,7.6
Mississippi Burning,1988,7.8
The Great Escape,1963,8.2
The Road Warrior,1981,7.6
Network,1976,8.1
The Holy Mountain,1973,7.9
The Raid: Redemption,2011,7.6
When Harry Met Sally...,1989,7.6
Wings of Desire,1987,8.1
An American Werewolf in London,1981,7.6
Carlito's Way,1993,7.9
From Here to Eternity,1953,7.7
The Royal Tenenbaums,2001,7.6
Deliverance,1972,7.7
Metropolis,1927,8.3
A Separation,2011,8.3
In the Heat of the Night,1967,8
This Is Spinal Tap,1984,8
The Others,2001,7.6
Young Frankenstein,1974,8
Amores Perros,2000,8.1
Barry Lyndon,1975,8.1
3:10 to Yuma,2007,7.7
High Plains Drifter,1973,7.6
Charade,1963,8
Ghost in the Shell,1995,8
Glory,1989,7.9
Loving Vincent,2017,7.8
End of Watch,2012,7.6
Spartacus,1960,7.9
Dog Day Afternoon,1975,8
Who Framed Roger Rabbit,1988,7.7
21 Grams,2003,7.7
Midnight Run,1988,7.6
The Bourne Ultimatum,2007,8
Falling Down,1993,7.6
Close Encounters of the Third Kind,1977,7.7
The Elephant Man,1980,8.2
Let the Right One In,2008,7.9
25th Hour,2002,7.7
The Wrestler,2008,7.9
Road to Perdition,2002,7.7
Hotel Rwanda,2004,8.1
Kramer vs. Kramer,1979,7.8
Cinema Paradiso,1988,8.5
Die Hard: With a Vengeance,1995,7.6
The Treasure of the Sierra Madre,1948,8.2
Milk,2008,7.6
Ice Age,2002,7.5
Lethal Weapon,1987,7.6
My Neighbor Totoro,1988,8.2
Seven Pounds,2008,7.6
Clerks,1994,7.8
The Maltese Falcon,1941,8.1
Grave of the Fireflies,1988,8.5
Beasts of No Nation,2015,7.8
The Nightmare Before Christmas,1993,8
Adaptation.,2002,7.7
The Ten Commandments,1956,7.9
Sunset Boulevard,1950,8.4
Gandhi,1982,8.1
Blow-Up,1966,7.6
Battle Royale,2000,7.7
Romeo and Juliet,1968,7.6
Planet of the Apes,1968,8
The Wild Bunch,1969,8
A Streetcar Named Desire,1951,8
The Last Picture Show,1971,8.1
Sophie's Choice,1982,7.6
JFK,1991,8
Who's Afraid of Virginia Woolf?,1966,8
North by Northwest,1959,8.3
Withnail & I,1987,7.8
The Last Emperor,1987,7.8
Pride,2014,7.8
Enter the Dragon,1973,7.7
Fiddler on the Roof,1971,8
Bonnie and Clyde,1967,7.9
The Skin I Live In,2011,7.6
Donnie Brasco,1997,7.8
The Fall,2006,7.9
Lost Highway,1997,7.6
Match Point,2005,7.6
Snow White and the Seven Dwarfs,1937,7.6
High Noon,1952,8
The Abyss,1989,7.6
Hachi: A Dog's Tale,2009,8.1
The Day the Earth Stood Still,1951,7.8
In the Mood for Love,2000,8.1
Grindhouse,2007,7.6
It Happened One Night,1934,8.1
The Right Stuff,1983,7.9
"Blood In, Blood Out",1993,8
"Paris, Texas",1984,8.1
Before Midnight,2013,7.9
The Birds,1963,7.7
Come and See,1985,8.2
The Name of the Rose,1986,7.8
The Best Offer,2013,7.8
A Fish Called Wanda,1988,7.6
All About Eve,1950,8.3
Sabrina,1954,7.7
50/50,2011,7.7
Key Largo,1948,7.9
For a Few Dollars More,1965,8.3
Rise of the Planet of the Apes,2011,7.6
A Fistful of Dollars,1964,8
The Iron Giant,1999,8
The Jungle Book,1967,7.6
The Illusionist,2006,7.6
I Saw the Devil,2010,7.8
Ordinary People,1980,7.8
Solaris,1971,8.1
Flipped,2010,7.7
M,1931,8.3
Fried Green Tomatoes,1991,7.7
The Apartment,1960,8.3
On the Waterfront,1954,8.2
Dawn of the Dead,1978,7.9
Awakenings,1990,7.8
Changeling,2008,7.7
Kung Fu Hustle,2004,7.8
The French Connection,1971,7.8
Before Sunset,2004,8.1
Boys Don't Cry,1999,7.6
Finding Neverland,2004,7.7
The Body,2012,7.6
East of Eden,1955,8
The Last King of Scotland,2006,7.7
The Man from Earth,2007,7.9
The Bridge on the River Kwai,1957,8.2
What Ever Happened to Baby Jane?,1962,8.1
Serpico,1973,7.8
Me and Earl and the Dying Girl,2015,7.8
Cinderella Man,2005,8
A Single Man,2009,7.6
The Insider,1999,7.9
Dirty Harry,1971,7.8
Escape from Alcatraz,1979,7.6
Army of Darkness,1992,7.6
Dancer in the Dark,2000,8
The Conversation,1974,7.9
The Secret of NIMH,1982,7.6
Memories of Murder,2003,8.1
Kubo and the Two Strings,2016,7.8
Rushmore,1998,7.7
Lord of War,2005,7.6
The Raid 2,2014,8
Paths of Glory,1957,8.4
Roman Holiday,1953,8.1
PK,2014,8.2
Perfect Strangers,2016,7.8
The Quiet Man,1952,7.8
Ed Wood,1994,7.9
Guess Who's Coming to Dinner,1967,7.8
8½,1963,8.1
The Seventh Seal,1957,8.2
The Last Temptation of Christ,1988,7.6
Rebecca,1940,8.1
Robin Hood,1973,7.6
The Third Man,1949,8.2
The Remains of the Day,1993,7.9
The Wicker Man,1973,7.6
The Great Beauty,2013,7.8
Ponyo,2008,7.7
Christmas Vacation,1989,7.6
I Am Sam,2001,7.6
Hero,2002,7.9
After Hours,1985,7.7
Like Stars on Earth,2007,8.4
The Naked Gun: From the Files of Police Squad!,1988,7.6
Ip Man,2008,8
Night of the Living Dead,1968,7.9
Glengarry Glen Ross,1992,7.8
Evil Dead II,1987,7.8
The Hurricane,1999,7.6
Miller's Crossing,1990,7.8
Pink Floyd: The Wall,1982,8
Cabaret,1972,7.8
Neon Genesis Evangelion: The End of Evangelion,1997,8.3
Shane,1953,7.7
Giant,1956,7.7
Naked,1993,7.9
Nausicaä of the Valley of the Wind,1984,8.1
La Dolce Vita,1960,8.1
Forbidden Planet,1956,7.6
Letters from Iwo Jima,2006,7.9
La Haine,1995,8.1
Watership Down,1978,7.7
The Longest Day,1962,7.8
The Omen,1976,7.6
Lucky Number Slevin,2006,7.8
The Time Machine,1960,7.6
Gangs of Wasseypur,2012,8.2
The Searchers,1956,8
My Left Foot,1989,7.9
Hedwig and the Angry Inch,2001,7.8
Nosferatu,1922,8
La Vie en Rose,2007,7.6
Victoria,2015,7.7
Run Lola Run,1998,7.7
The Outlaw Josey Wales,1976,7.9
Mommy,2014,8.1
Star Trek II: The Wrath of Khan,1982,7.7
The Salesman,2016,7.8
Chungking Express,1994,8.1
Winter Sleep,2014,8.2
King Kong,1933,7.9
Funny Games,1997,7.6
In America,2002,7.8
Song of the Sea,2014,8.1
Hamlet,1996,7.8
The Diving Bell and the Butterfly,2007,8
Freaks,1932,7.9
United 93,2006,7.6
Amour,2012,7.9
Hunger,2008,7.6
Ran,1985,8.2
Once,2007,7.9
Double Indemnity,1944,8.3
Stranger Than Fiction,2006,7.6
The Little Prince,2015,7.7
The Killing Fields,1984,7.9
Paper Moon,1973,8.1
Barton Fink,1991,7.7
The Red Violin,1998,7.7
October Sky,1999,7.8
The Man Who Shot Liberty Valance,1962,8.1
Black Book,2006,7.8
Perfect Blue,1997,7.9
This Is England,2006,7.7
Rio Bravo,1959,8
Zulu,1964,7.8
The Verdict,1982,7.8
Chaplin,1992,7.6
Breathless,1960,7.9
Modern Times,1936,8.5
A Man for All Seasons,1966,7.8
Rashomon,1950,8.3
A Man Called Ove,2015,7.7
Belle de Jour,1967,7.8
The Great Dictator,1940,8.5
Castle in the Sky,1986,8.1
Witness for the Prosecution,1957,8.4
Kiki's Delivery Service,1989,7.9
Breaking the Waves,1996,7.9
Days of Heaven,1978,7.9
Persona,1966,8.1
The Mirror,1975,8.1
Mary and Max,2009,8.1
Rope,1948,8
Where Eagles Dare,1968,7.7
Three Colors: Red,1994,8.1
Nebraska,2013,7.7
Harold and Maude,1971,8
The King of Comedy,1982,7.8
Dial M for Murder,1954,8.2
Blood Simple,1984,7.6
City Lights,1931,8.5
Henry V,1989,7.6
Patton,1970,8
Dead Man's Shoes,2004,7.7
The Guns of Navarone,1961,7.6
The Lion in Winter,1968,8.1
The Sea Inside,2004,8
Ayla: The Daughter of War,2017,8.7
Badlands,1973,7.9
The Philadelphia Story,1940,8
All Quiet on the Western Front,1930,8.1
Kelly's Heroes,1970,7.7
The Player,1992,7.6
Judgment at Nuremberg,1961,8.2
Manhattan,1979,8
Elite Squad,2007,8.1
Being There,1979,8
The Flowers of War,2011,7.6
Mr. Smith Goes to Washington,1939,8.2
Drishyam,2015,8.3
The Killing,1956,8
Dead Man,1995,7.7
Volver,2006,7.6
Thank You for Smoking,2005,7.6
Bicycle Thieves,1948,8.3
Zindagi Na Milegi Dobara,2011,8.1
A Prophet,2009,7.9
"Planes, Trains & Automobiles",1987,7.6
The Manchurian Candidate,1962,8
The Day of the Jackal,1973,7.8
Happiness,1998,7.8
Waking Life,2001,7.8
The Night of the Hunter,1955,8
Open Your Eyes,1997,7.8
A Christmas Story,1983,8
Tangerines,2013,8.2
Jeremiah Johnson,1972,7.6
Fanny and Alexander,1982,8.1
Fantasia,1940,7.8
Notorious,1946,8
Andrei Rublev,1966,8.2
On Golden Pond,1981,7.7
"I, Daniel Blake",2016,7.9
The Straight Story,1999,8
The Best Years of Our Lives,1946,8.1
Infernal Affairs,2002,8.1
The Celebration,1998,8.1
The Man Who Wasn't There,2001,7.6
Three Colors: Blue,1993,8
5 Centimeters Per Second,2007,7.7
Strangers on a Train,1951,8
The Wind Rises,2013,7.8
Land of Mine,2015,7.8
Children of Heaven,1997,8.3
Paprika,2006,7.7
The Producers,1967,7.7
House of Sand and Fog,2003,7.6
The African Queen,1951,7.9
The Man from Nowhere,2010,7.8
The Hustler,1961,8
Frankenstein,1931,7.9
The Grapes of Wrath,1940,8.1
The Man Who Would Be King,1975,7.9
The Adventures of Robin Hood,1938,8
Brief Encounter,1945,8.1
Philomena,2013,7.6
Good Bye Lenin!,2003,7.7
Frost/Nixon,2008,7.7
"South Park: Bigger, Longer & Uncut",1999,7.8
The Kite Runner,2007,7.6
The Wave,2008,7.6
Touch of Evil,1958,8
Stagecoach,1939,7.9
Repulsion,1965,7.8
A Very Long Engagement,2004,7.7
Mysterious Skin,2004,7.7
The Big Sleep,1946,8
Arrietty,2010,7.6
The Great Debaters,2007,7.6
Underground,1995,8.1
The Motorcycle Diaries,2004,7.8
Talk to Her,2002,8
Weekend,2011,7.6
The White Ribbon,2009,7.8
The Message,1976,8.2
The 400 Blows,1959,8.1
Yojimbo,1961,8.3
"Duck, You Sucker",1971,7.7
Control,2007,7.7
Shine,1996,7.7
The Chaser,2008,7.9
Head-On,2004,7.9
The Odd Couple,1968,7.7
Mustang,2015,7.6
The Cabinet of Dr. Caligari,1920,8.1
Short Cuts,1993,7.7
The Kid,1921,8.3
The Broken Circle Breakdown,2012,7.8
My Name Is Khan,2010,8
Dracula,1931,7.6
The Meaning of Life,1983,7.6
Detachment,2011,7.7
Sunrise,1927,8.2
Fitzcarraldo,1982,8.1
Lady Vengeance,2005,7.6
Once Were Warriors,1994,7.9
Lagaan: Once Upon a Time in India,2001,8.1
Wolf Children,2012,8.2
Pink,2016,8.2
Baahubali: The Beginning,2015,8.2
Leviathan,2014,7.6
All About My Mother,1999,7.9
La Strada,1954,8.1
Rang De Basanti,2006,8.2
The Girl Who Leapt Through Time,2006,7.8
Once Upon a Time in Anatolia,2011,7.9
Laura,1944,8
Deep Red,1975,7.7
The Station Agent,2003,7.7
Death Note,2006,7.8
Ninja Scroll,1993,7.9
Little Big Man,1970,7.6
"Aguirre, the Wrath of God",1972,8
Hannah and Her Sisters,1986,7.9
The City of Lost Children,1995,7.6
Secrets & Lies,1996,8
Anatomy of a Murder,1959,8
Wild Strawberries,1957,8.2
Sympathy for Mr. Vengeance,2002,7.7
Bride of Frankenstein,1935,7.9
The Many Adventures of Winnie the Pooh,1977,7.6
No Man's Land,2001,8
Drunken Master,1978,7.6
Tokyo Story,1953,8.2
The Past,2013,7.8
The Tale of The Princess Kaguya,2013,8
My Father and My Son,2005,8.4
Arsenic and Old Lace,1944,8
The Bandit,1996,8.3
Ikiru,1952,8.3
Invasion of the Body Snatchers,1956,7.8
About Elly,2009,8
The Legend of 1900,1998,8.1
Bringing Up Baby,1938,8
Delicatessen,1991,7.7
The Tenant,1976,7.7
The Vanishing,1988,7.8
His Girl Friday,1940,8
The World's Fastest Indian,2005,7.8
Crimes and Misdemeanors,1989,8
Spellbound,1945,7.6
Persepolis,2007,8.1
The Sweet Hereafter,1997,7.6
Mother,2009,7.8
The Invisible Man,1933,7.7
A Bittersweet Life,2005,7.6
13 Assassins,2010,7.6
Lilya 4-Ever,2002,7.9
Queen,2013,8.2
Love Me If You Dare,2003,7.7
The Double Life of Véronique,1991,7.8
The Passion of Joan of Arc,1928,8.2
"Black Cat, White Cat",1998,8.1
The Purple Rose of Cairo,1985,7.7
The Lunchbox,2013,7.8
Kagemusha,1980,8
Le Samouraï,1967,8.1
The Experiment,2001,7.7
Au Revoir les Enfants,1987,8
Out of the Past,1947,8
The Muppet Movie,1979,7.6
To Have and Have Not,1944,7.9
"Spring, Summer, Fall, Winter... and Spring",2003,8.1
Harvey,1950,8
Cries & Whispers,1972,8.1
Amarcord,1973,7.9
Sleuth,1972,8
Porco Rosso,1992,7.8
Cell 211,2009,7.7
Fearless,2006,7.7
Red River,1948,7.8
You Can Count on Me,2000,7.6
Night on Earth,1991,7.8
The Discreet Charm of the Bourgeoisie,1972,7.9
Elite Squad: The Enemy Within,2010,8.1
Whisper of the Heart,1995,8
Diabolique,1955,8.1
The Chorus,2004,7.9
Departures,2008,8.1
The Battle of Algiers,1966,8.1
Three Colors: White,1994,7.7
The Nights of Cabiria,1957,8.1
Down by Law,1986,7.8
Throne of Blood,1957,8.1
In a Better World,2010,7.6
Baahubali 2: The Conclusion,2017,8.3
The Return,2003,8
The General,1926,8.2
The 39 Steps,1935,7.8
The Lady Vanishes,1938,7.9
Hard Boiled,1992,7.9
Sherlock Jr.,1924,8.2
The Visitor,2007,7.7
Batman: Mask of the Phantasm,1993,7.9
"4 Months, 3 Weeks and 2 Days",2007,7.9
Battleship Potemkin,1925,8
Peeping Tom,1960,7.7
The Secret of Kells,2009,7.7
Shadow of a Doubt,1943,7.9
The Wages of Fear,1953,8.1
Ivan's Childhood,1962,8.1
The Postman (Il Postino),1994,7.7
The Gold Rush,1925,8.2
My Sassy Girl,2001,8.1
Waltz with Bashir,2008,8
Cowboy Bebop: The Movie,2001,7.9
Barfi!,2012,8.1
Duck Soup,1933,8
Kahaani,2012,8.1
G.O.R.A.,2004,8
The Lost Weekend,1945,8
Interstate 60: Episodes of the Road,2002,7.7
The Hidden Fortress,1958,8.1
Nine Queens,2000,7.9
Evil,2003,7.8
The Triplets of Belleville,2003,7.8
Adam's Apples,2005,7.8
Haider,2014,8.1
After the Wedding,2006,7.8
Airlift,2016,8.1
Miracle on 34th Street,1947,7.9
Jules and Jim,1962,7.9
Bajrangi Bhaijaan,2015,8
Dilwale Dulhania Le Jayenge,1995,8.2
The Killer,1989,7.8
The Counterfeiters,2007,7.6
Dil Chahta Hai,2001,8.2
C.R.A.Z.Y.,2005,8
Boy A,2007,7.6
Joyeux Noel,2005,7.8
Drunken Master II,1994,7.6
Munna Bhai M.B.B.S.,2003,8.2
Black,2005,8.2
Kal Ho Naa Ho,2003,8
Le Dîner de Cons,1998,7.7
Sanjuro,1962,8.1
Tokyo Godfathers,2003,7.9
Vampire Hunter D: Bloodlust,2000,7.7
Hera Pheri,2000,8.2
Central Station,1998,8
Tae Guk Gi: The Brotherhood of War,2004,8.1
La Grande Illusion,1937,8.1
A Wednesday,2008,8.2
Love and Death,1975,7.8
The Edge of Heaven,2007,7.8
Udaan,2010,8.2
Veer-Zaara,2004,7.9
Kind Hearts and Coronets,1949,8.1
Andaz Apna Apna,1994,8.2
Confessions,2010,7.8
Jab We Met,2007,7.9
Zelig,1983,7.8
Paan Singh Tomar,2012,8.2
3-Iron,2004,8.1
Chak de! India,2007,8.2
Baby,2015,8.1
Swades,2004,8.3
OMG: Oh My God!,2012,8.2
The Barbarian Invasions,2003,7.7
Vizontele,2001,8.1
The Muppet Christmas Carol,1992,7.7
Sholay,1975,8.2
A Night at the Opera,1935,8
And Now for Something Completely Different,1971,7.6
Dev D,2009,8
Bhaag Milkha Bhaag,2013,8.2
English Vinglish,2012,7.9
Lage Raho Munna Bhai,2006,8.1
Vicky Donor,2012,7.8
Special 26,2013,8
The Breath,2009,8.1
